-- Generation time: Sat, 18 Apr 2020 17:46:12 +0000
-- Host: mysql.hostinger.ro
-- DB name: u574849695_23
/*!40030 SET NAMES UTF8 */;
/*!40101 SET @OLD_CHARACTER_SET_CLIENT=@@CHARACTER_SET_CLIENT */;
/*!40101 SET @OLD_CHARACTER_SET_RESULTS=@@CHARACTER_SET_RESULTS */;
/*!40101 SET @OLD_COLLATION_CONNECTION=@@COLLATION_CONNECTION */;
/*!40103 SET @OLD_TIME_ZONE=@@TIME_ZONE */;
/*!40103 SET TIME_ZONE='+00:00' */;
/*!40014 SET @OLD_UNIQUE_CHECKS=@@UNIQUE_CHECKS, UNIQUE_CHECKS=0 */;
/*!40014 SET @OLD_FOREIGN_KEY_CHECKS=@@FOREIGN_KEY_CHECKS, FOREIGN_KEY_CHECKS=0 */;
/*!40101 SET @OLD_SQL_MODE=@@SQL_MODE, SQL_MODE='NO_AUTO_VALUE_ON_ZERO' */;
/*!40111 SET @OLD_SQL_NOTES=@@SQL_NOTES, SQL_NOTES=0 */;

DROP TABLE IF EXISTS `communities`;
CREATE TABLE `communities` (
  `id` int(10) unsigned NOT NULL AUTO_INCREMENT,
  `name` varchar(150) COLLATE utf8_unicode_ci NOT NULL,
  PRIMARY KEY (`id`),
  UNIQUE KEY `name` (`name`)
) ENGINE=InnoDB AUTO_INCREMENT=101 DEFAULT CHARSET=utf8 COLLATE=utf8_unicode_ci;

INSERT INTO `communities` VALUES ('76','accusamus'),
('58','ad'),
('44','alias'),
('23','aliquid'),
('4','asperiores'),
('90','aspernatur'),
('19','assumenda'),
('70','at'),
('15','atque'),
('10','aut'),
('5','autem'),
('42','beatae'),
('51','blanditiis'),
('35','commodi'),
('53','consequatur'),
('66','consequuntur'),
('32','cumque'),
('39','deleniti'),
('83','deserunt'),
('3','dignissimos'),
('14','dolor'),
('88','dolore'),
('2','dolorem'),
('74','dolores'),
('36','doloribus'),
('21','dolorum'),
('8','ea'),
('20','eaque'),
('54','earum'),
('18','eligendi'),
('79','eos'),
('43','error'),
('26','est'),
('1','et'),
('71','eum'),
('24','ex'),
('63','exercitationem'),
('75','explicabo'),
('84','facere'),
('50','facilis'),
('94','harum'),
('92','id'),
('73','illum'),
('57','impedit'),
('98','ipsam'),
('46','labore'),
('40','laboriosam'),
('56','laudantium'),
('45','magni'),
('30','maxime'),
('48','minima'),
('55','minus'),
('95','modi'),
('81','molestiae'),
('52','molestias'),
('12','necessitatibus'),
('93','nesciunt'),
('17','nihil'),
('16','nisi'),
('25','non'),
('27','nostrum'),
('38','numquam'),
('13','officia'),
('78','officiis'),
('91','omnis'),
('29','optio'),
('77','perferendis'),
('99','possimus'),
('100','provident'),
('59','quaerat'),
('47','quam'),
('7','quas'),
('31','qui'),
('68','quia'),
('96','ratione'),
('67','recusandae'),
('61','reiciendis'),
('89','rem'),
('86','repellat'),
('65','repellendus'),
('22','reprehenderit'),
('97','repudiandae'),
('34','saepe'),
('49','sapiente'),
('87','sint'),
('28','sit'),
('62','soluta'),
('64','tempore'),
('9','temporibus'),
('11','totam'),
('37','unde'),
('6','ut'),
('33','vel'),
('60','velit'),
('80','vero'),
('41','vitae'),
('69','voluptas'),
('72','voluptatem'),
('85','voluptatibus'),
('82','voluptatum'); 


DROP TABLE IF EXISTS `communities_users`;
CREATE TABLE `communities_users` (
  `community_id` int(10) unsigned NOT NULL,
  `user_id` int(10) unsigned NOT NULL,
  PRIMARY KEY (`community_id`,`user_id`)
) ENGINE=InnoDB DEFAULT CHARSET=utf8 COLLATE=utf8_unicode_ci;



DROP TABLE IF EXISTS `friendship`;
CREATE TABLE `friendship` (
  `user_id` int(10) unsigned NOT NULL,
  `friend_id` int(10) unsigned NOT NULL,
  `status_id` int(10) unsigned NOT NULL,
  `requested_at` datetime DEFAULT current_timestamp(),
  `confirmed_at` datetime DEFAULT NULL,
  PRIMARY KEY (`user_id`,`friend_id`)
) ENGINE=InnoDB DEFAULT CHARSET=utf8 COLLATE=utf8_unicode_ci;



DROP TABLE IF EXISTS `friendship_statuses`;
CREATE TABLE `friendship_statuses` (
  `id` int(10) unsigned NOT NULL AUTO_INCREMENT,
  `name` varchar(150) COLLATE utf8_unicode_ci NOT NULL,
  PRIMARY KEY (`id`),
  UNIQUE KEY `name` (`name`)
) ENGINE=InnoDB AUTO_INCREMENT=101 DEFAULT CHARSET=utf8 COLLATE=utf8_unicode_ci;

INSERT INTO `friendship_statuses` VALUES ('93','ab'),
('76','ad'),
('45','alias'),
('29','architecto'),
('46','asperiores'),
('71','at'),
('31','atque'),
('50','aut'),
('28','beatae'),
('38','blanditiis'),
('69','commodi'),
('87','consectetur'),
('43','consequuntur'),
('64','corrupti'),
('15','culpa'),
('30','cumque'),
('52','cupiditate'),
('92','deleniti'),
('23','dicta'),
('57','dignissimos'),
('59','dolor'),
('19','dolore'),
('67','dolorem'),
('6','dolores'),
('80','doloribus'),
('47','dolorum'),
('18','ducimus'),
('20','eaque'),
('36','eius'),
('14','enim'),
('51','eos'),
('25','esse'),
('27','est'),
('5','et'),
('1','eum'),
('21','eveniet'),
('82','ex'),
('100','exercitationem'),
('65','facere'),
('35','fuga'),
('99','fugiat'),
('98','hic'),
('56','id'),
('91','illo'),
('4','in'),
('13','incidunt'),
('86','ipsam'),
('75','itaque'),
('83','iure'),
('49','labore'),
('9','laboriosam'),
('8','magni'),
('34','maxime'),
('61','modi'),
('39','molestiae'),
('11','mollitia'),
('54','nam'),
('26','natus'),
('12','nemo'),
('73','nesciunt'),
('41','nihil'),
('70','non'),
('97','nostrum'),
('88','numquam'),
('40','occaecati'),
('24','odio'),
('37','officiis'),
('60','omnis'),
('55','optio'),
('42','perferendis'),
('77','perspiciatis'),
('94','porro'),
('3','praesentium'),
('68','quaerat'),
('72','quas'),
('62','qui'),
('44','quia'),
('79','quidem'),
('81','quo'),
('10','quos'),
('48','reiciendis'),
('16','rem'),
('78','reprehenderit'),
('33','repudiandae'),
('84','rerum'),
('96','sapiente'),
('95','sint'),
('53','sit'),
('66','soluta'),
('32','ullam'),
('17','unde'),
('22','ut'),
('74','vel'),
('58','velit'),
('89','voluptas'),
('2','voluptate'),
('63','voluptatem'),
('90','voluptates'),
('7','voluptatibus'),
('85','voluptatum'); 


DROP TABLE IF EXISTS `media`;
CREATE TABLE `media` (
  `id` int(10) unsigned NOT NULL AUTO_INCREMENT,
  `media_type_id` int(10) unsigned NOT NULL,
  `user_id` int(10) unsigned NOT NULL,
  `filename` varchar(255) COLLATE utf8_unicode_ci NOT NULL,
  `size` int(11) NOT NULL,
  `metadata` longtext CHARACTER SET utf8mb4 COLLATE utf8mb4_bin DEFAULT NULL,
  `created_at` datetime DEFAULT current_timestamp(),
  `updated_at` datetime DEFAULT current_timestamp() ON UPDATE current_timestamp(),
  PRIMARY KEY (`id`)
) ENGINE=InnoDB DEFAULT CHARSET=utf8 COLLATE=utf8_unicode_ci;



DROP TABLE IF EXISTS `media_types`;
CREATE TABLE `media_types` (
  `id` int(10) unsigned NOT NULL AUTO_INCREMENT,
  `name` varchar(255) COLLATE utf8_unicode_ci NOT NULL,
  PRIMARY KEY (`id`),
  UNIQUE KEY `name` (`name`)
) ENGINE=InnoDB AUTO_INCREMENT=101 DEFAULT CHARSET=utf8 COLLATE=utf8_unicode_ci;

INSERT INTO `media_types` VALUES ('75','a'),
('32','accusamus'),
('72','ad'),
('90','adipisci'),
('46','aliquam'),
('70','architecto'),
('60','asperiores'),
('37','assumenda'),
('35','aut'),
('34','autem'),
('40','consectetur'),
('69','consequatur'),
('15','consequuntur'),
('71','corporis'),
('80','corrupti'),
('68','delectus'),
('56','deleniti'),
('97','dicta'),
('36','dolor'),
('30','dolore'),
('73','dolorem'),
('22','dolores'),
('13','dolorum'),
('38','eaque'),
('1','eligendi'),
('18','eos'),
('17','est'),
('3','et'),
('91','eum'),
('9','ex'),
('62','expedita'),
('51','explicabo'),
('27','facere'),
('55','fuga'),
('67','fugiat'),
('53','fugit'),
('2','hic'),
('84','illo'),
('85','illum'),
('41','impedit'),
('48','in'),
('6','incidunt'),
('42','inventore'),
('96','ipsa'),
('54','iste'),
('23','iure'),
('98','iusto'),
('63','labore'),
('77','laudantium'),
('52','magnam'),
('94','magni'),
('87','maiores'),
('29','modi'),
('78','molestias'),
('25','mollitia'),
('8','necessitatibus'),
('99','neque'),
('58','nesciunt'),
('81','nihil'),
('57','nisi'),
('82','nobis'),
('12','non'),
('61','nostrum'),
('4','occaecati'),
('11','omnis'),
('20','pariatur'),
('33','perspiciatis'),
('21','possimus'),
('39','provident'),
('26','quae'),
('89','quaerat'),
('47','quas'),
('50','qui'),
('88','quia'),
('19','quibusdam'),
('24','quis'),
('5','ratione'),
('95','reiciendis'),
('66','rem'),
('7','repellat'),
('64','repellendus'),
('31','repudiandae'),
('28','rerum'),
('59','sapiente'),
('79','sed'),
('16','sequi'),
('43','sint'),
('74','sit'),
('92','soluta'),
('83','sunt'),
('86','suscipit'),
('49','tempora'),
('76','totam'),
('14','ut'),
('93','vel'),
('65','veritatis'),
('10','voluptas'),
('44','voluptatem'),
('100','voluptatibus'),
('45','voluptatum'); 


DROP TABLE IF EXISTS `messages`;
CREATE TABLE `messages` (
  `id` int(10) unsigned NOT NULL AUTO_INCREMENT,
  `from_user_id` int(10) unsigned NOT NULL,
  `to_user_id` int(10) unsigned NOT NULL,
  `community_id` int(10) unsigned NOT NULL,
  `body` text COLLATE utf8_unicode_ci NOT NULL,
  `is_important` tinyint(1) DEFAULT NULL,
  `is_delivered` tinyint(1) DEFAULT NULL,
  `created_at` datetime DEFAULT current_timestamp(),
  PRIMARY KEY (`id`)
) ENGINE=InnoDB DEFAULT CHARSET=utf8 COLLATE=utf8_unicode_ci;



DROP TABLE IF EXISTS `profiles`;
CREATE TABLE `profiles` (
  `user_id` int(10) unsigned NOT NULL,
  `gender` char(1) COLLATE utf8_unicode_ci NOT NULL,
  `birthday` date DEFAULT NULL,
  `city` varchar(100) COLLATE utf8_unicode_ci DEFAULT NULL,
  `country` varchar(100) COLLATE utf8_unicode_ci DEFAULT NULL,
  PRIMARY KEY (`user_id`)
) ENGINE=InnoDB DEFAULT CHARSET=utf8 COLLATE=utf8_unicode_ci;

INSERT INTO `profiles` VALUES ('1','','2002-08-30','Russland','20'),
('2','','1999-08-05','Magdalenamouth','315979712'),
('3','','1999-12-13','Hillsbury','28192'),
('4','','2006-03-23','Lake Christellefort','4517'),
('5','','2020-03-23','New Eugeneview','86134'),
('6','','1988-12-13','Earlineberg',''),
('7','','2016-05-04','North Jaquelinview',''),
('8','','1984-05-09','Lake Guidomouth','26213'),
('9','','1980-06-27','North Elijah',''),
('10','','1991-08-01','Koepphaven','164105789'),
('11','','2001-07-19','New Rosaleeburgh',''),
('12','','2005-06-06','Lake Abigailmouth','57557'),
('13','','1989-11-22','Lake Jarod','50'),
('14','','1995-12-01','Woodrowborough','36'),
('15','','2008-02-06','Douglasbury','243863455'),
('16','','2012-09-01','Sammieborough','7698602'),
('17','','1981-11-08','East Noemie',''),
('18','','2019-12-23','Gregoriashire','89'),
('19','','2009-07-22','West Eugenehaven','67'),
('20','','2009-02-06','Violamouth','5638'),
('21','','2004-01-02','South Brandonberg','252829'),
('22','','1995-12-25','Lake Lloyd','3636'),
('23','','1970-06-29','Irwinton','23154'),
('24','','1976-11-03','North Ashlynnshire','817389627'),
('25','','1974-05-11','South Giles','13085'),
('26','','1984-07-30','North Jayceview',''),
('27','','1976-01-03','Stromanside','622'),
('28','','1995-08-08','Dameonchester',''),
('29','','1983-03-03','Port Oma','9435'),
('30','','1998-06-24','Lake Rosinamouth','511678'),
('31','','1993-05-22','Mohammedchester','6'),
('32','','2010-11-15','West Stanfordshire','127'),
('33','','1989-08-24','Kuphalton','40472'),
('34','','2004-08-03','West Jesusburgh','669'),
('35','','1985-11-20','Sheaport','213900133'),
('36','','1986-11-13','Vanside','8845772'),
('37','','1980-01-07','New Ottilieview','612528'),
('38','','1984-02-16','West Buckton','4809208'),
('39','','1976-05-13','North Frances','2038'),
('40','','1977-06-28','New Joanieberg','6'),
('41','','1988-06-09','South Horace','876'),
('42','','1999-09-30','Kendallmouth','4'),
('43','','1971-01-03','Gayleton','87531'),
('44','','1999-07-27','Oberbrunnerview',''),
('45','','2003-03-30','Lake Aidenport',''),
('46','','1984-10-11','Leilaburgh','67'),
('47','','1971-03-08','Roweville','6628'),
('48','','1996-02-15','Sanfordville','3'),
('49','','1989-04-11','Port Keagan','700'),
('50','','2003-03-22','New Leonora','79'),
('51','','1994-01-16','Torphyborough','58'),
('52','','1975-09-14','Murraystad','4157949'),
('53','','2013-05-02','Larsonland',''),
('54','','1990-03-29','Laceyland','9765609'),
('55','','2012-09-25','Kayleighmouth','28259236'),
('56','','2000-08-03','North Elsaberg','46973168'),
('57','','2017-08-06','New Gardnerfort','3'),
('58','','2000-08-05','West Anibal',''),
('59','','1977-07-19','Schowalterport','9227309'),
('60','','1974-04-23','Homenickfurt','374464'),
('61','','1998-09-25','West Jovany','134951'),
('62','','1988-01-25','Walkerport','1465006'),
('63','','1998-11-10','Bernitahaven','46607'),
('64','','1971-03-10','Kozeyport','93029839'),
('65','','1987-04-12','Wehnerburgh','9'),
('66','','2018-08-24','Lake Caroline','9'),
('67','','2007-12-01','Stokesside',''),
('68','','1993-10-22','New Efren','281414848'),
('69','','1970-12-30','Port Kelliton','3'),
('70','','1987-06-19','Port Marlene','5'),
('71','','2018-04-19','Bauchland','992'),
('72','','1992-12-04','East Korbin','125643943'),
('73','','1988-10-17','Christamouth','4189'),
('74','','2000-05-15','Thaliaport','3'),
('75','','1984-05-23','Alyceville',''),
('76','','1997-05-11','Willville','7866135'),
('77','','2006-08-29','Claraton','6'),
('78','','1992-05-09','Watersshire','946'),
('79','','1988-10-04','Aidashire','571845429'),
('80','','1975-06-01','Herbertside','8975286'),
('81','','1970-09-03','Port Ryanshire','7985'),
('82','','2005-04-20','South Ulicesside','496498'),
('83','','1996-04-14','Framihaven','78713'),
('84','','1998-08-21','Hesselfort','226'),
('85','','1991-07-17','West Nikko','1567462'),
('86','','1995-09-05','Elisaburgh','89'),
('87','','2006-01-03','Port Cathy','48'),
('88','','2009-09-26','South Molly',''),
('89','','2009-09-11','North Raul','72976576'),
('90','','1983-07-19','New Olenchester','54145'),
('91','','2005-12-23','Gwendolynfurt','158538'),
('92','','1982-11-30','East Loustad','686810520'),
('93','','1970-02-13','Mafaldaberg','7'),
('94','','2016-09-27','Ellsworthmouth','6271'),
('95','','2009-03-29','Hermantown','9'),
('96','','2002-06-10','Stammland',''),
('97','','2009-10-24','Tyreestad','6'),
('98','','2005-08-01','Wymanborough','971534161'),
('99','','1970-05-25','Lowemouth',''),
('100','','1973-10-25','Buckmouth',''); 


DROP TABLE IF EXISTS `users`;
CREATE TABLE `users` (
  `id` int(10) unsigned NOT NULL AUTO_INCREMENT,
  `first_name` varchar(100) COLLATE utf8_unicode_ci NOT NULL,
  `last_name` varchar(100) COLLATE utf8_unicode_ci NOT NULL,
  `email` varchar(120) COLLATE utf8_unicode_ci NOT NULL,
  `phone` varchar(120) COLLATE utf8_unicode_ci NOT NULL,
  `created_at` datetime DEFAULT current_timestamp(),
  `updated_at` datetime DEFAULT current_timestamp() ON UPDATE current_timestamp(),
  PRIMARY KEY (`id`),
  UNIQUE KEY `email` (`email`),
  UNIQUE KEY `phone` (`phone`)
) ENGINE=InnoDB AUTO_INCREMENT=101 DEFAULT CHARSET=utf8 COLLATE=utf8_unicode_ci;

INSERT INTO `users` VALUES ('1','Rosina','Corwin','berry.jast@example.net','08759409100','1993-06-17 22:40:44','1982-12-29 00:41:10'),
('2','Candace','Kassulke','irving.towne@example.net','724-204-8543','1970-10-28 04:08:04','2006-08-18 13:51:26'),
('3','Freda','Hane','shields.chadd@example.net','(356)802-1899','2014-05-30 21:41:20','1981-04-28 02:34:27'),
('4','Sister','Wiza','archibald63@example.org','(112)949-9542x461','2002-11-27 12:28:26','1995-04-11 01:22:49'),
('5','Cecilia','Baumbach','runolfsdottir.golden@example.net','(450)482-1803x190','2007-04-01 06:00:43','2012-05-21 05:45:30'),
('6','Alejandrin','Langworth','rath.adelia@example.com','121-616-9608x6605','1982-09-29 01:18:23','2019-02-13 19:19:26'),
('7','Robert','Streich','dora.schiller@example.net','640-138-5015','1993-07-22 07:54:05','1972-10-17 22:29:58'),
('8','Margret','Grant','xd\'amore@example.net','+86(1)4563358342','2005-07-03 22:09:10','2006-02-17 02:54:41'),
('9','Raoul','Herzog','leanna.vonrueden@example.com','413.753.7246x7899','2001-06-10 06:27:13','2004-03-01 01:15:21'),
('10','Oda','Spencer','dtremblay@example.com','1-294-583-9140x4742','2001-12-13 14:50:29','2000-08-02 11:59:42'),
('11','Trey','Mann','ad\'amore@example.com','(062)607-3815x1936','2002-12-23 12:06:43','1987-11-23 20:48:16'),
('12','Rowan','Hahn','newton15@example.com','(332)753-8720x1491','1978-07-14 07:56:24','1978-03-12 01:30:40'),
('13','Kendra','Murray','vernie72@example.com','140.759.1505','2019-08-09 06:36:52','2007-09-13 05:27:34'),
('14','Nico','Zieme','cdare@example.net','272-715-5733','1992-01-27 17:59:36','1989-08-19 16:26:55'),
('15','Reina','Marquardt','alexa.feest@example.org','+74(7)8714043746','1970-10-05 18:12:22','2012-04-13 10:52:33'),
('16','Michelle','Keeling','qernser@example.org','(785)445-8817','2014-05-14 14:44:57','1999-09-23 04:32:21'),
('17','Luella','Nikolaus','pschiller@example.com','831-014-9790','1971-05-19 16:30:39','2002-05-18 15:24:05'),
('18','Edmund','Padberg','gpouros@example.com','1-559-548-6485x721','1992-06-30 23:27:41','1987-02-14 15:04:38'),
('19','Jane','Bartell','oking@example.org','486.009.6535x74325','2010-02-07 06:17:30','2008-10-17 08:48:20'),
('20','Tom','Rolfson','cathryn48@example.com','006.024.5585x745','2014-08-22 18:40:32','2015-12-03 20:17:01'),
('21','Dorothy','Abbott','hilll.jared@example.net','842-009-7091','1995-04-26 14:11:03','1999-04-09 14:46:51'),
('22','Rodger','Cremin','clement78@example.com','682-629-8708x5420','1988-04-23 06:43:35','1994-03-20 10:40:41'),
('23','Braden','Boyle','block.shawna@example.com','(257)427-7340x853','1971-05-26 07:52:22','1985-10-23 14:23:53'),
('24','Jairo','Balistreri','johnathon91@example.org','083.017.4998','2005-01-27 21:08:32','2011-01-14 16:37:53'),
('25','Janice','Kovacek','garnett68@example.net','1-336-563-0561x61795','1979-06-05 21:39:56','1993-09-06 07:54:53'),
('26','Therese','Volkman','wwhite@example.com','+84(8)6150560809','1981-09-03 21:09:06','1971-01-05 05:35:42'),
('27','Alyson','Hagenes','oliver95@example.org','391-806-9207x07225','2019-06-27 01:27:06','1999-07-20 04:14:15'),
('28','Julianne','Bins','magnus.lebsack@example.com','951.716.3112x924','1997-12-03 02:47:01','1970-01-02 20:28:13'),
('29','Brandi','Bogan','gibson.elinore@example.org','+28(2)5495977690','1999-07-14 01:44:38','2017-07-16 21:13:22'),
('30','Liliana','Hilll','streich.clark@example.org','1-746-654-4401x291','1996-08-10 00:00:04','1990-12-13 00:09:13'),
('31','Devan','Spinka','qmarquardt@example.com','627-894-5256x84802','1992-12-13 21:22:28','1977-10-08 14:31:17'),
('32','Florida','Kertzmann','quitzon.delbert@example.net','409-122-6977x943','1995-02-05 04:16:39','2018-09-25 20:45:52'),
('33','Edison','Walker','bernhard.liza@example.org','1-154-454-9826x583','1979-10-10 13:37:36','2006-10-28 18:36:55'),
('34','Martina','Walker','anastasia.haley@example.net','(530)269-6861x867','1988-02-01 19:58:05','1990-03-28 06:27:23'),
('35','Enola','Strosin','deondre58@example.com','(162)925-0494','1975-03-03 13:34:14','2002-02-02 16:30:25'),
('36','Britney','Gislason','keara18@example.com','1-421-090-3998x809','1975-03-18 17:11:30','1975-04-02 03:39:54'),
('37','Adele','Corwin','becker.irma@example.com','203-702-9880','2000-11-12 08:40:53','1973-03-27 10:16:41'),
('38','Mckayla','Douglas','jessie.fadel@example.net','(078)517-6553x878','1972-09-21 01:12:05','1989-03-11 12:10:25'),
('39','Tina','Bradtke','schuster.reinhold@example.com','541.747.3820x154','1997-09-16 09:01:35','2016-08-20 08:36:29'),
('40','Eric','Romaguera','cruickshank.garfield@example.org','1-628-133-8269','2017-01-22 20:30:50','2012-08-11 10:01:38'),
('41','Ludie','O\'Keefe','idell.klein@example.com','720-946-6403x890','1999-12-16 11:01:04','2017-02-12 04:30:34'),
('42','Lambert','Baumbach','turcotte.sallie@example.org','1-931-312-3579x9282','1980-01-29 03:06:23','1971-11-13 04:14:10'),
('43','Frieda','Batz','ryan.velva@example.com','630-418-8900x91381','1973-12-24 13:21:38','1996-01-17 19:22:02'),
('44','Bennett','Runolfsson','kturcotte@example.com','(543)411-0892x70776','1972-04-19 19:44:45','2005-11-02 09:48:08'),
('45','Jarod','Abbott','marc42@example.net','709-250-8363x6266','2012-05-08 11:19:10','1995-11-22 13:26:12'),
('46','Frances','Ferry','hessel.karli@example.net','(283)533-3304x04008','2017-08-28 10:29:47','1971-10-26 19:14:28'),
('47','Miracle','Yost','leilani.greenholt@example.com','1-250-314-7970x96718','1978-05-15 12:54:01','1970-08-09 19:17:03'),
('48','Brando','Reinger','clay.dooley@example.com','03011252320','2014-08-23 09:19:12','1980-03-05 16:33:21'),
('49','Patience','Collins','robin49@example.net','03956119813','2011-07-10 01:03:50','1992-12-04 01:58:06'),
('50','Kaitlyn','Schulist','liana.farrell@example.org','362.646.5832x647','1997-11-22 02:54:20','2000-03-03 13:07:53'),
('51','Thomas','Konopelski','stark.fermin@example.net','1-314-699-7153','1976-05-06 01:43:34','2001-05-12 00:00:47'),
('52','Loyce','Hickle','demario57@example.net','(607)296-1755x777','2002-04-08 11:40:00','1975-01-22 00:27:36'),
('53','Rogers','Bailey','leslie06@example.net','131.339.0192x726','1975-09-15 14:26:25','1995-05-01 19:23:06'),
('54','Susan','Krajcik','funk.kaci@example.com','507.091.6467','1989-06-18 19:16:33','1975-08-18 14:19:03'),
('55','Syble','Hane','flavie.schumm@example.net','155-265-1446x83681','2008-12-15 11:30:01','2013-10-23 13:04:11'),
('56','Shania','Reilly','barbara.watsica@example.org','(778)901-6699x7803','1973-12-09 22:37:20','1973-01-02 19:48:03'),
('57','Nigel','Bernier','nasir.paucek@example.org','09636892255','1974-12-14 18:52:01','2001-09-11 20:35:43'),
('58','Letitia','Weissnat','benedict.morissette@example.com','(207)445-2118x32755','1977-09-29 17:52:46','2011-06-22 12:37:53'),
('59','Dasia','Oberbrunner','lryan@example.net','(864)198-2310','1996-01-02 01:26:19','2008-11-22 13:05:34'),
('60','Leonardo','Walter','laura.hamill@example.org','1-822-016-4699x25864','2012-03-07 19:02:19','1970-05-04 08:56:58'),
('61','Garth','Greenfelder','keira.bahringer@example.org','(301)645-2654','1973-12-16 22:38:30','1998-08-17 15:44:11'),
('62','Merritt','Boyer','derdman@example.net','843.160.8966','2014-01-26 10:32:18','1992-02-17 11:32:08'),
('63','Orval','Pfeffer','dabbott@example.net','1-868-451-1448','2009-10-08 00:30:09','2010-10-11 22:31:27'),
('64','Dayana','Hane','georgiana90@example.net','(204)363-7725','1989-03-15 01:10:35','1993-08-19 13:41:24'),
('65','Deshawn','Buckridge','jabshire@example.net','771-272-2622x2659','2014-01-16 22:14:17','1997-12-26 11:05:50'),
('66','Curtis','Konopelski','mikayla.cummerata@example.net','(781)831-9703','1997-11-05 04:57:04','1982-09-17 17:52:00'),
('67','Devon','O\'Keefe','hferry@example.org','035.522.5331x2135','1978-12-25 16:41:18','2013-01-15 22:31:23'),
('68','Ruth','Connelly','wintheiser.jayne@example.org','05201808776','2009-01-02 21:28:36','2001-11-02 08:59:32'),
('69','Anita','Mosciski','reilly.jace@example.com','1-507-501-5354','2010-10-03 07:38:56','1995-11-03 04:34:48'),
('70','Kaycee','Beatty','scotty.kihn@example.org','198-502-8446','1990-07-13 14:30:12','2003-12-25 12:29:07'),
('71','Bethany','Reichel','cathryn.flatley@example.com','(199)692-7542x877','1994-06-29 18:02:15','2016-04-14 17:30:54'),
('72','Kaylie','Wintheiser','santiago.pagac@example.org','+50(2)6894751697','1972-06-06 17:18:33','1972-10-31 06:29:04'),
('73','Alexandrea','Metz','turcotte.libbie@example.com','588-693-2398x302','2016-03-11 04:54:07','1983-04-11 00:42:16'),
('74','Madelynn','Kshlerin','della.larkin@example.com','1-527-979-7210x70493','2012-12-28 12:43:34','2020-03-01 22:07:15'),
('75','Katrina','Langosh','johnnie.labadie@example.org','00181397512','1993-04-10 09:59:03','2015-03-29 04:28:36'),
('76','May','Hermiston','huels.ezekiel@example.org','1-678-421-3081','1982-12-29 03:20:22','1975-01-01 06:34:53'),
('77','Elliott','Johnson','gunnar.bashirian@example.com','+43(1)1283333884','2016-02-11 23:37:58','1987-04-16 15:09:51'),
('78','Janessa','Hammes','kenton.mann@example.org','1-756-338-6802','2019-01-15 09:37:25','1998-06-19 02:09:29'),
('79','Werner','Rolfson','alivia31@example.net','409-091-2798x711','2003-04-29 13:24:50','2010-12-04 06:05:39'),
('80','Eda','Morissette','eprohaska@example.com','1-530-165-6189x8831','1997-10-30 03:00:15','2004-11-07 23:02:34'),
('81','Raquel','Schumm','rlittel@example.org','157.738.9979x2318','1990-12-08 23:41:28','1988-04-14 07:28:18'),
('82','Karine','Gibson','zdietrich@example.net','697.636.1254','1989-12-15 02:17:49','1994-07-19 15:56:18'),
('83','Jerome','Goyette','gavin47@example.net','874-932-3979','1991-04-15 21:43:17','2011-09-30 16:04:43'),
('84','Eleonore','Fisher','dock.hoeger@example.org','1-291-151-1065','1995-11-25 12:42:44','1977-05-04 08:16:37'),
('85','Imogene','Swaniawski','kirlin.vidal@example.com','672.821.7614','2008-02-17 16:09:41','2004-03-28 16:15:58'),
('86','Cory','Bruen','breitenberg.etha@example.org','398-788-9989x52041','1998-03-22 23:39:42','2008-09-05 11:17:19'),
('87','Haylee','McCullough','mueller.tiara@example.com','04681947508','2007-05-16 05:42:23','2005-03-23 14:25:54'),
('88','Laurel','Zboncak','uheaney@example.com','097.273.0215','1993-11-12 09:47:37','2004-08-08 00:02:50'),
('89','Keely','Hamill','mkeeling@example.net','02733588317','1985-09-16 16:40:27','1996-03-30 18:05:26'),
('90','Bernhard','Gaylord','mollie.stiedemann@example.net','1-265-057-5930x026','1992-03-05 00:20:42','2008-07-30 16:38:45'),
('91','Kip','Schaden','schamberger.jevon@example.com','203.209.7547x643','1979-12-17 09:44:06','2006-08-26 14:03:22'),
('92','Reese','Gislason','tyshawn.senger@example.com','+18(4)4443493278','1992-09-09 11:52:25','1978-06-15 00:10:32'),
('93','Renee','Monahan','knicolas@example.org','613-490-1915x864','1971-10-06 20:22:26','1995-05-22 20:03:27'),
('94','Tracey','Volkman','devan.hartmann@example.net','934.110.6608','1984-10-20 10:44:34','2012-03-11 10:56:42'),
('95','Finn','Kunde','russel.anissa@example.com','(125)661-6798x821','1993-11-21 22:47:08','1994-03-10 21:39:57'),
('96','Conor','Ziemann','maxime.greenholt@example.com','180.339.5666x35199','1987-05-06 16:10:20','1975-10-25 12:50:21'),
('97','Russ','Lemke','haskell.flatley@example.org','1-333-837-6411x385','2018-11-07 21:06:23','1995-05-30 11:49:57'),
('98','Kirk','Upton','kaylah.homenick@example.com','682.431.8911','1978-08-05 09:49:16','1971-01-22 04:55:07'),
('99','Brian','Block','deanna52@example.com','151.755.8952','2013-10-04 10:13:39','1989-09-06 17:49:43'),
('100','Timmy','Crona','ericka.zieme@example.com','+45(1)0797284959','2019-10-13 09:24:31','1978-06-18 16:38:34'); 




/*!40101 SET SQL_MODE=@OLD_SQL_MODE */;
/*!40014 SET FOREIGN_KEY_CHECKS=@OLD_FOREIGN_KEY_CHECKS */;
/*!40014 SET UNIQUE_CHECKS=@OLD_UNIQUE_CHECKS */;
/*!40101 SET CHARACTER_SET_CLIENT=@OLD_CHARACTER_SET_CLIENT */;
/*!40101 SET CHARACTER_SET_RESULTS=@OLD_CHARACTER_SET_RESULTS */;
/*!40101 SET COLLATION_CONNECTION=@OLD_COLLATION_CONNECTION */;
/*!40111 SET SQL_NOTES=@OLD_SQL_NOTES */;

